[
    {
        "full_name": "Mohi",
        "email": "mm@gmail.com",
        "password": "a665a45920422f9d417e4867efdc4fb8a04a1f3fff1fa07e998e86f7f7a27ae3",
        "is_login": false,
        "read_books": [],
        "exchanged_books": []
    },
    {
        "full_name": "Lola",
        "email": "lola@gmail.com",
        "password": "8527a891e224136950ff32ca212b45bc93f69fbb801c3b1ebedac52775f99e61",
        "is_login": false,
        "read_books": [],
        "exchanged_books": []
    },
    {
        "full_name": "K",
        "email": "komil@gmail.com",
        "password": "a665a45920422f9d417e4867efdc4fb8a04a1f3fff1fa07e998e86f7f7a27ae3",
        "is_login": false,
        "read_books": [],
        "exchanged_books": []
    }
]